"CWNS_ID","FACILITY_ID","STATE_CODE","CONGRESSIONAL_DISTRICT_ID","CD_PRIMARY_FLAG"
"48002062001",1183143,"TX","4819","Y"
"48006022001",417949,"TX","4817","Y"
"48007039012",1183827,"TX","4818","Y"
"48007039084",1183851,"TX","4836","Y"
"48007039001",1183820,"TX","4829","Y"
"48009045001",1184491,"TX","4811","Y"
"48003069001",1183223,"TX","4825","Y"
"48003084001",1183235,"TX","4825","Y"
"48005060001",1183612,"TX","4801","Y"
"48002008001",1183111,"TX","4819","Y"
"48001125001",1182927,"TX","4828","Y"
"48003033002",1183197,"TX","4835","Y"
"48007039003",1183822,"TX","4809","Y"
"48007039021",1183830,"TX","4829","Y"
"48003200002",432079,"TX","4810","Y"
"48001106001",1182911,"TX","4834","Y"
"48004075001",1183386,"TX","4806","Y"
"48007033001",1183814,"TX","4836","Y"
"48007305001",1184059,"TX","4808","Y"
"48004026801",3507483,"TX","4830","Y"
"48004223001",1183475,"TX","4826","Y"
"48007039813",2885344,"TX","4818","Y"
"48001246001",1183023,"TX","4822","Y"
"48005049001",1183605,"TX","4804","Y"
"48005021001",1227872,"TX","4804","Y"
"48001131003",1182937,"TX","4834","Y"
"48002019001",1183118,"TX","4819","Y"
"48009029001",1184484,"TX","4811","Y"
"48020780001",428136,"TX","4815","Y"
"48001104003",1182908,"TX","4834","Y"
"48004021001",1183337,"TX","4830","Y"
"48001118001",1182919,"TX","4834","Y"
"48005025001",1183584,"TX","4805","Y"
"48006047002",1183710,"TX","4817","Y"
"48008045001",1184392,"TX","4835","Y"
"48001176002",441461,"TX","4815","Y"
"48009002001",1184466,"TX","4811","Y"
"48003009001",1227803,"TX","4831","Y"
"48001127001",1182930,"TX","4823","Y"
"48006066002",1183724,"TX","4808","Y"
"48002025002",453323,"TX","4828","Y"
"48001162001",1182958,"TX","4834","Y"
"48003031001",1183194,"TX","4817","Y"
"48003114001",1183259,"TX","4806","Y"
"48006043002",1183706,"TX","4836","Y"
"48007039022",1183831,"TX","4818","Y"
"48007039017",1183828,"TX","4818","Y"
"48001007004",1182877,"TX","4823","Y"
"48000115001",1227740,"TX","4813","Y"
"48001125002",1182928,"TX","4828","Y"
"48007039047",1183839,"TX","4802","Y"
"48001218002",1182998,"TX","4827","Y"
"48005071001",1183620,"TX","4801","Y"
"48005015002",1183577,"TX","4801","Y"
"48004372001",1183540,"TX","4806","Y"
"48005025002",1183585,"TX","4805","Y"
"48006046001",1183708,"TX","4808","Y"
"48007039005",1183823,"TX","4809","Y"
"48001225001",1183006,"TX","4827","Y"
"48001125005",3515818,"TX","4828","Y"
"48002028001",1183123,"TX","4819","Y"
"48008138001",1184445,"TX","4810","Y"
"48001139001",1182942,"TX","4823","Y"
"48003026001",1183188,"TX","4817","Y"
"48007039113",2882180,"TX","4818","Y"
"48004354017",3534356,"TX","4803","Y"
"48003006001",1183170,"TX","4831","Y"
"48007781002",429612,"TX","4836","Y"
"48007033006",2881937,"TX","4836","Y"
"48001012001",1182883,"TX","4823","Y"
"48001057001",3515316,"TX","4811","Y"
"48004217001",1183470,"TX","4826","Y"
"48001130001",1182933,"TX","4828","Y"
"48007039007",1183825,"TX","4829","Y"
"48003073001",1183224,"TX","4825","Y"
"48002079002",435410,"TX","4815","Y"
"48001333002",436916,"TX","4834","Y"
"48007039065",1183841,"TX","4838","Y"
"48001151001",1182954,"TX","4823","Y"
"48001243001",1183021,"TX","4827","Y"
"48004065001",1183380,"TX","4806","Y"
"48008058001",1227940,"TX","4810","Y"
"48004094001",1227847,"TX","4806","Y"
"48001148001",1182951,"TX","4828","Y"
"48001107003",412991,"TX","4825","Y"
"48007039076",1183846,"TX","4807","Y"
"48003224001",1183290,"TX","4810","Y"
"48005020002",1227871,"TX","4801","Y"
"48002031001",1183125,"TX","4819","Y"
"48004104001",1183410,"TX","4805","Y"
"48006074001",1183728,"TX","4817","Y"
"48004044001",1183363,"TX","4830","Y"
"48007826003",1184289,"TX","4802","Y"
"48008028001",1184372,"TX","4835","Y"
"48006049001",1183712,"TX","4817","Y"
"48001417002",459628,"TX","4827","Y"
"48007039067",2883822,"TX","4829","Y"
"48007039081",1183849,"TX","4838","Y"
"48004145001",1183454,"TX","4813","Y"
"48007039066",1183842,"TX","4829","Y"
"48001684001",3150468,"TX","4802","Y"
"48007488001",1184098,"TX","4814","Y"
"48000000112",3609242,"TX","4822","Y"
"48000000103",3608783,"TX","4819","Y"
"48000000104",3608872,"TX","4815","Y"
"48004261001",1227861,"TX","4826","Y"
"48000000108",3609159,"TX","4837","Y"
"48003001001",1183166,"TX","4831","Y"
"48001111001",1182915,"TX","4815","Y"
"48007465001",1184088,"TX","4822","Y"
"48004213001",1183466,"TX","4825","Y"
"48005053001",1227878,"TX","4801","Y"
"48001114001",1227764,"TX","4815","Y"
"48003290001",1227830,"TX","4817","Y"
"48000000116",3609567,"TX","4815","Y"
"48009051001",1184492,"TX","4811","Y"
"48004096001",1183404,"TX","4806","Y"
"48000000120",3609590,"TX","4808","Y"
"48001112001",1182916,"TX","4834","Y"
"48000000142",3610490,"TX","4810","Y"
"48000000150",3610498,"TX","4821","Y"
"48000000171",3610608,"TX","4804","Y"
"48000000125",3609650,"TX","4806","Y"
"48000000133",3610460,"TX","4834","Y"
"48000000167",3610568,"TX","4828","Y"
"48006029001",1183700,"TX","4817","Y"
"48003085001",1227818,"TX","4831","Y"
"48000000160",3610511,"TX","4810","Y"
"48000240001",1227753,"TX","4819","Y"
"48000000155",3610503,"TX","4810","Y"
"48001217001",1227773,"TX","4822","Y"
"48007033009",413590,"TX","4836","Y"
"48000000139",3610487,"TX","4813","Y"
"48001120001",1182922,"TX","4834","Y"
"48005078001",1183627,"TX","4804","Y"
"48002001001",1183105,"TX","4819","Y"
"48000000173",3610820,"TX","4827","Y"
"48000000183",3610830,"TX","4813","Y"
"48000000186",3610833,"TX","4811","Y"
"48000000203",3610850,"TX","4819","Y"
"48000000232",3610879,"TX","4811","Y"
"48001027001",1182895,"TX","4823","Y"
"48004057001",1183374,"TX","4826","Y"
"48000000149",3610497,"TX","4835","Y"
"48000000164",3610518,"TX","4834","Y"
"48000000250",3610939,"TX","4821","Y"
"48000000252",3610944,"TX","4805","Y"
"48000000253",3610945,"TX","4815","Y"
"48000000255",3610947,"TX","4819","Y"
"48000000256",3610948,"TX","4825","Y"
"48000000257",3610949,"TX","4804","Y"
"48000000211",3610858,"TX","4828","Y"
"48000000216",3610863,"TX","4806","Y"
"48000000218",3610865,"TX","4817","Y"
"48000000274",3610972,"TX","4805","Y"
"48000000277",3610975,"TX","4819","Y"
"48000000285",3610986,"TX","4804","Y"
"48000000288",3610990,"TX","4827","Y"
"48000000300",3611002,"TX","4810","Y"
"48000000307",3611009,"TX","4817","Y"
"48000000310",3611012,"TX","4811","Y"
"48000000311",3611013,"TX","4811","Y"
"48000000315",3611019,"TX","4813","Y"
"48000000318",3611022,"TX","4801","Y"
"48009024001",1184483,"TX","4811","Y"
"48004026001",1183343,"TX","4830","Y"
"48004026002",1183344,"TX","4830","Y"
"48001046001",1182901,"TX","4823","Y"
"48000000122",3609622,"TX","4804","Y"
"48000000221",3610868,"TX","4819","Y"
"48000000222",3610869,"TX","4819","Y"
"48000000231",3610878,"TX","4821","Y"
"48000000244",3610927,"TX","4813","Y"
"48000000324",3611028,"TX","4827","Y"
"48000000325",3611029,"TX","4813","Y"
"48000000355",3611095,"TX","4819","Y"
"48000000361",3611102,"TX","4825","Y"
"48000000367",3611113,"TX","4819","Y"
"48000000370",3611117,"TX","4819","Y"
"48000000138",3610486,"TX","4827","Y"
"48000000152",3610500,"TX","4831","Y"
"48000000157",3610505,"TX","4813","Y"
"48001166002",1182961,"TX","4828","Y"
"48000000113",3609250,"TX","4826","Y"
"48004207001",1227852,"TX","4825","Y"
"48004323001",1183510,"TX","4825","Y"
"48004052001",1183370,"TX","4826","Y"
"48000000118",3609575,"TX","4805","Y"
"48000000106",3608999,"TX","4821","Y"
"48002138001",1227800,"TX","4819","Y"
"48008069001",1184411,"TX","4835","Y"
"48000000109",3609163,"TX","4827","Y"
"48001117001",1182918,"TX","4815","Y"
"48000000115",3609565,"TX","4808","Y"
"48007423001",1227920,"TX","4814","Y"
"48000000119",3609588,"TX","4812","Y"
"48004110002",421101,"TX","4825","Y"
"48009039001",1184488,"TX","4821","Y"
"48000000117",3609574,"TX","4825","Y"
"48005081001",1183631,"TX","4803","Y"
"48003070001",1227812,"TX","4831","Y"
"48007815001",1184284,"TX","4808","Y"
"48004354501",3507298,"TX","4803","Y"
"48071241001",3150676,"TX","4802","Y"
"48004076001",1183387,"TX","4804","Y"
"48001131004",3540036,"TX","4834","Y"
"48000000163",3610517,"TX","4826","Y"
"48000000342",3611066,"TX","4827","Y"
"48000000343",3611067,"TX","4813","Y"
"48000000351",3611076,"TX","4827","Y"
"48000000352",3611077,"TX","4811","Y"
"48000000356",3611096,"TX","4801","Y"
"48001151006",3516498,"TX","4809","Y"
"48000000170",3610571,"TX","4804","Y"
"48000000264",3610962,"TX","4825","Y"
"48000000265",3610963,"TX","4827","Y"
"48000000279",3610977,"TX","4811","Y"
"48000000289",3610991,"TX","4810","Y"
"48000000294",3610996,"TX","4813","Y"
"48000000296",3610998,"TX","4811","Y"
"48000000304",3611006,"TX","4822","Y"
"48000000165",3610547,"TX","4825","Y"
"48000000168",3610569,"TX","4837","Y"
"48000000172",3610632,"TX","4823","Y"
"48000000130",3610396,"TX","4825","Y"
"48003032001",1183195,"TX","4817","Y"
"48004089001",1183398,"TX","4804","Y"
"48000000121",3609620,"TX","4835","Y"
"48000000189",3610836,"TX","4813","Y"
"48000000111",3609229,"TX","4828","Y"
"48004142001",1183452,"TX","4826","Y"
"48000000136",3610484,"TX","4819","Y"
"48000000190",3610837,"TX","4810","Y"
"48000000205",3610852,"TX","4813","Y"
"48000000225",3610872,"TX","4801","Y"
"48000000176",3610823,"TX","4834","Y"
"48000005007",1227738,"TX","4828","Y"
"48009075001",1184498,"TX","4811","Y"
"48000000240",3610923,"TX","4819","Y"
"48000000261",3610958,"TX","4803","Y"
"48000000262",3610959,"TX","4813","Y"
"48000000147",3610495,"TX","4827","Y"
"48000000177",3610824,"TX","4801","Y"
"48000000179",3610826,"TX","4801","Y"
"48000000181",3610828,"TX","4836","Y"
"48000000182",3610829,"TX","4806","Y"
"48000000184",3610831,"TX","4813","Y"
"48000000187",3610834,"TX","4811","Y"
"48000000188",3610835,"TX","4803","Y"
"48000000196",3610843,"TX","4813","Y"
"48000000207",3610854,"TX","4813","Y"
"48000000210",3610857,"TX","4813","Y"
"48000000212",3610859,"TX","4825","Y"
"48000000214",3610861,"TX","4823","Y"
"48000000226",3610873,"TX","4806","Y"
"48000000204",3610851,"TX","4827","Y"
"48000000206",3610853,"TX","4804","Y"
"48000000209",3610856,"TX","4823","Y"
"48000000227",3610874,"TX","4823","Y"
"48000000238",3610921,"TX","4810","Y"
"48000000270",3610968,"TX","4815","Y"
"48000000273",3610971,"TX","4815","Y"
"48001238001",1183017,"TX","4815","Y"
"48000000159",3610510,"TX","4811","Y"
"48000000229",3610876,"TX","4814","Y"
"48000000230",3610877,"TX","4819","Y"
"48000000123",3609624,"TX","4815","Y"
"48000000283",3610984,"TX","4813","Y"
"48000000293",3610995,"TX","4817","Y"
"48000000302",3611004,"TX","4819","Y"
"48000000303",3611005,"TX","4811","Y"
"48000000305",3611007,"TX","4823","Y"
"48000000306",3611008,"TX","4811","Y"
"48000000308",3611010,"TX","4828","Y"
"48000000309",3611011,"TX","4823","Y"
"48000000312",3611014,"TX","4817","Y"
"48000000313",3611015,"TX","4811","Y"
"48000000314",3611016,"TX","4819","Y"
"48000000233",3610916,"TX","4827","Y"
"48000000239",3610922,"TX","4815","Y"
"48000000242",3610925,"TX","4831","Y"
"48000000248",3610931,"TX","4813","Y"
"48000000249",3610938,"TX","4819","Y"
"48000000254",3610946,"TX","4806","Y"
"48000000316",3611020,"TX","4808","Y"
"48000000317",3611021,"TX","4813","Y"
"48000000319",3611023,"TX","4813","Y"
"48000000320",3611024,"TX","4817","Y"
"48000000321",3611025,"TX","4806","Y"
"48000000322",3611026,"TX","4836","Y"
"48000000327",3611031,"TX","4814","Y"
"48000000328",3611032,"TX","4825","Y"
"48000000329",3611033,"TX","4801","Y"
"48000000330",3611034,"TX","4812","Y"
"48000000266",3610964,"TX","4836","Y"
"48000000271",3610969,"TX","4825","Y"
"48000000272",3610970,"TX","4819","Y"
"48000000284",3610985,"TX","4823","Y"
"48000000127",3610296,"TX","4835","Y"
"48001028001",1182896,"TX","4823","Y"
"48000000331",3611035,"TX","4819","Y"
"48000000286",3610987,"TX","4819","Y"
"48000000292",3610994,"TX","4836","Y"
"48000000295",3610997,"TX","4815","Y"
"48000000299",3611001,"TX","4819","Y"
"48000000234",3610917,"TX","4827","Y"
"48000000241",3610924,"TX","4813","Y"
"48000000333",3611053,"TX","4808","Y"
"48000000334",3611054,"TX","4813","Y"
"48000000336",3611056,"TX","4804","Y"
"48000000337",3611057,"TX","4813","Y"
"48000000338",3611058,"TX","4823","Y"
"48000000371",3611118,"TX","4801","Y"
"48000000372",3611119,"TX","4811","Y"
"48000000373",3611120,"TX","4837","Y"
"48000000375",3611123,"TX","4836","Y"
"48000000376",3611125,"TX","4801","Y"
"48000000382",3611135,"TX","4817","Y"
"48000000385",3611141,"TX","4810","Y"
"48000000386",3611142,"TX","4828","Y"
"48000000389",3611145,"TX","4813","Y"
"48000000392",3611148,"TX","4831","Y"
"48003098001",1183245,"TX","4831","Y"
"48000000398",3611154,"TX","4825","Y"
"48000000400",3611156,"TX","4823","Y"
"48001044001",3268716,"TX","4823","Y"
"48001124001",1182926,"TX","4834","Y"
"48000000174",3610821,"TX","4827","Y"
"48000000175",3610822,"TX","4825","Y"
"48000000180",3610827,"TX","4819","Y"
"48000000191",3610838,"TX","4821","Y"
"48000000192",3610839,"TX","4825","Y"
"48000000193",3610840,"TX","4811","Y"
"48000000194",3610841,"TX","4826","Y"
"48007028001",1183808,"TX","4814","Y"
"48000000201",3610848,"TX","4813","Y"
"48000000202",3610849,"TX","4830","Y"
"48000000208",3610855,"TX","4813","Y"
"48000000213",3610860,"TX","4811","Y"
"48000000217",3610864,"TX","4825","Y"
"48000000219",3610866,"TX","4804","Y"
"48000000220",3610867,"TX","4810","Y"
"48000000223",3610870,"TX","4813","Y"
"48000000224",3610871,"TX","4822","Y"
"48000000228",3610875,"TX","4819","Y"
"48000000161",3610512,"TX","4831","Y"
"48000000236",3610919,"TX","4804","Y"
"48000000237",3610920,"TX","4801","Y"
"48000000243",3610926,"TX","4813","Y"
"48000000245",3610928,"TX","4836","Y"
"48000000247",3610930,"TX","4801","Y"
"48000000251",3610940,"TX","4813","Y"
"48000000258",3610953,"TX","4817","Y"
"48000000263",3610961,"TX","4811","Y"
"48000000268",3610966,"TX","4814","Y"
"48000000275",3610973,"TX","4821","Y"
"48000000278",3610976,"TX","4821","Y"
"48000000287",3610989,"TX","4811","Y"
"48000000298",3611000,"TX","4819","Y"
"48000000301",3611003,"TX","4801","Y"
"48000000323",3611027,"TX","4819","Y"
"48000000326",3611030,"TX","4813","Y"
"48000000124",3609625,"TX","4810","Y"
"48000000393",3611149,"TX","4815","Y"
"48000000403",3611315,"TX","4828","Y"
"48004083001",1183393,"TX","4804","Y"
"48000120001",1227741,"TX","4813","Y"
"48000000402",3611236,"TX","4834","Y"
"48007039090",1183855,"TX","4829","Y"
"48007039026",1183835,"TX","4807","Y"
"48007039082",1183850,"TX","4809","Y"
"48002016001",1183115,"TX","4819","Y"
"48002040001",1227786,"TX","4819","Y"
"48000000406",3612155,"TX","4802","Y"
"48007039091",1183856,"TX","4807","Y"
"48000000235",3610918,"TX","4813","Y"
"48000000348",3611073,"TX","4801","Y"
"48000000353",3611078,"TX","4823","Y"
"48000000359",3611100,"TX","4825","Y"
"48000000362",3611103,"TX","4811","Y"
"48004226001",1183477,"TX","4812","Y"
"48000000132",3610453,"TX","4819","Y"
"48000000143",3610491,"TX","4819","Y"
"48000000146",3610494,"TX","4813","Y"
"48000000151",3610499,"TX","4819","Y"
"48007646001",1184193,"TX","4802","Y"
"48000000339",3611063,"TX","4821","Y"
"48000000340",3611064,"TX","4801","Y"
"48000000346",3611070,"TX","4811","Y"
"48000000347",3611071,"TX","4801","Y"
"48000000354",3611094,"TX","4819","Y"
"48000000358",3611099,"TX","4801","Y"
"48000000365",3611108,"TX","4819","Y"
"48000000369",3611116,"TX","4819","Y"
"48000000374",3611121,"TX","4817","Y"
"48000000380",3611132,"TX","4805","Y"
"48000000357",3611097,"TX","4813","Y"
"48000000383",3611137,"TX","4810","Y"
"48000000387",3611143,"TX","4822","Y"
"48000000388",3611144,"TX","4813","Y"
"48000000390",3611146,"TX","4813","Y"
"48000000395",3611151,"TX","4826","Y"
"48000000396",3611152,"TX","4805","Y"
"48000000397",3611153,"TX","4819","Y"
"48000000134",3610478,"TX","4806","Y"
"48009163001",1227954,"TX","4811","Y"
"48000000349",3611074,"TX","4801","Y"
"48000000366",3611112,"TX","4833","Y"
"48000000140",3610488,"TX","4813","Y"
"48000000178",3610825,"TX","4813","Y"
"48000000185",3610832,"TX","4819","Y"
"48000000199",3610846,"TX","4819","Y"
"48000000344",3611068,"TX","4817","Y"
"48000000350",3611075,"TX","4808","Y"
"48000000378",3611128,"TX","4823","Y"
"48000000391",3611147,"TX","4834","Y"
"48005075002",1183625,"TX","4806","Y"
"48000000158",3610509,"TX","4815","Y"
"48000000345",3611069,"TX","4804","Y"
"48000000363",3611104,"TX","4819","Y"
"48000000381",3611133,"TX","4827","Y"
"48000000144",3610492,"TX","4821","Y"
"48000000145",3610493,"TX","4810","Y"
"48000000148",3610496,"TX","4831","Y"
"48000000153",3610501,"TX","4801","Y"
"48000000137",3610485,"TX","4817","Y"
"48000000141",3610489,"TX","4828","Y"
"48000000154",3610502,"TX","4814","Y"
"48000000246",3610929,"TX","4829","Y"
"48000000259",3610954,"TX","4819","Y"
"48000000269",3610967,"TX","4828","Y"
"48000000282",3610983,"TX","4834","Y"
"48000000290",3610992,"TX","4817","Y"
"48000000162",3610515,"TX","4836","Y"
"48000000404",3611321,"TX","4818","Y"
"48000000405",3611432,"TX","4810","Y"
"48007080001",1183904,"TX","4802","Y"
"48007632001",1184184,"TX","4802","Y"
"48007039102",2883840,"TX","4829","Y"
"48007039024",1183833,"TX","4829","Y"
"48007039108",2884264,"TX","4818","Y"
"48000000407",3612156,"TX","4818","Y"
"48000000408",3612157,"TX","4802","Y"
"48007039094",2885519,"TX","4808","Y"
"48007039002",1183821,"TX","4809","Y"
"48007039025",1183834,"TX","4836","Y"
"48007039043",1183838,"TX","4838","Y"
"48001204001",1182983,"TX","4827","Y"
"48003033004",2902595,"TX","4835","Y"
"48006009007",1183681,"TX","4814","Y"
"48003033016",3514807,"TX","4837","Y"
"48000000412",3612700,"TX","4823","Y"
"48009508001",1184510,"TX","4814","Y"
"48003033500",3514842,"TX","4837","Y"
"48000000410",3612351,"TX","4835","Y"
"48005076001",1227882,"TX","4801","Y"
"48001135001",1182939,"TX","4834","Y"
"48001257001",1183030,"TX","4827","Y"
"48003033005",1183199,"TX","4835","Y"
"48002065001",1183145,"TX","4819","Y"
"48007424001",1184069,"TX","4814","Y"
"48002068001",1183147,"TX","4813","Y"
"48007039035",1183836,"TX","4829","Y"
"48007039018",1183829,"TX","4818","Y"
"48007039101",3272948,"TX","4818","Y"
"48008150001",1184447,"TX","4810","Y"
"48007039006",1183824,"TX","4829","Y"
"48000000417",3613122,"TX","4831","Y"
"48000105001",1182799,"TX","4813","Y"
"48007180001",1183984,"TX","4802","Y"
"48007410001",1184064,"TX","4810","Y"
"48000000418",3613135,"TX","4815","Y"
"48001216002",1182996,"TX","4815","Y"
"48001102001",1182905,"TX","4834","Y"
"48003058001",1183216,"TX","4811","Y"
"48003040004",405776,"TX","4810","Y"
"48000000431",3613892,"TX","4813","Y"
"48000000476",3613960,"TX","4823","Y"
"48006035001",1183702,"TX","4814","Y"
"48000000416",3613029,"TX","4806","Y"
"48004086001",1183395,"TX","4804","Y"
"48009003001",1184467,"TX","4811","Y"
"48003112001",1227824,"TX","4817","Y"
"48000000414",3612797,"TX","4831","Y"
"48001296001",1183045,"TX","4827","Y"
"48000000411",3612390,"TX","4837","Y"
"48000000444",3613907,"TX","4801","Y"
"48000000483",3613967,"TX","4804","Y"
"48000000496",3614056,"TX","4804","Y"
"48000000499",3614060,"TX","4819","Y"
"48001151005",432052,"TX","4823","Y"
"48000000506",3614067,"TX","4821","Y"
"48000000507",3614068,"TX","4811","Y"
"48000000509",3614070,"TX","4827","Y"
"48000000512",3614073,"TX","4801","Y"
"48000000513",3614074,"TX","4819","Y"
"48000000515",3614076,"TX","4831","Y"
"48000000518",3614079,"TX","4836","Y"
"48000000521",3614082,"TX","4813","Y"
"48001097700",3542462,"TX","4821","Y"
"48000000463",3613945,"TX","4819","Y"
"48000000490",3614050,"TX","4811","Y"
"48000000493",3614053,"TX","4806","Y"
"48000000503",3614064,"TX","4819","Y"
"48000000504",3614065,"TX","4814","Y"
"48000000505",3614066,"TX","4819","Y"
"48000000525",3614086,"TX","4805","Y"
"48000000484",3614043,"TX","4813","Y"
"48000000494",3614054,"TX","4825","Y"
"48000000519",3614080,"TX","4829","Y"
"48000000522",3614083,"TX","4819","Y"
"48000000523",3614084,"TX","4821","Y"
"48000000537",3614125,"TX","4827","Y"
"48000000526",3614090,"TX","4806","Y"
"48000000530",3614095,"TX","4817","Y"
"48000000533",3614098,"TX","4803","Y"
"48000000534",3614099,"TX","4813","Y"
"48000000472",3613955,"TX","4826","Y"
"48000000500",3614061,"TX","4813","Y"
"48000000502",3614063,"TX","4806","Y"
"48000000517",3614078,"TX","4813","Y"
"48000000446",3613910,"TX","4810","Y"
"48000000527",3614091,"TX","4819","Y"
"48000000528",3614092,"TX","4825","Y"
"48000000535",3614100,"TX","4811","Y"
"48007048001",1183866,"TX","4829","Y"
"48000003003",1182786,"TX","4813","Y"
"48000000435",3613896,"TX","4819","Y"
"48000000439",3613900,"TX","4831","Y"
"48000000445",3613909,"TX","4814","Y"
"48000000451",3613916,"TX","4831","Y"
"48000000423",3613866,"TX","4828","Y"
"48000000425",3613876,"TX","4815","Y"
"48000003001",1227737,"TX","4813","Y"
"48000000442",3613904,"TX","4819","Y"
"48000000475",3613959,"TX","4823","Y"
"48000897001",3543159,"TX","4801","Y"
"48000000453",3613932,"TX","4827","Y"
"48000000457",3613937,"TX","4801","Y"
"48000000449",3613913,"TX","4811","Y"
"48002036003",3340002,"TX","4834","Y"
"48000000465",3613947,"TX","4811","Y"
"48000000473",3613957,"TX","4831","Y"
"48000000478",3613962,"TX","4823","Y"
"48000000481",3613965,"TX","4819","Y"
"48000000460",3613941,"TX","4806","Y"
"48000000488",3614048,"TX","4828","Y"
"48001151003",2865700,"TX","4822","Y"
"48000000511",3614072,"TX","4804","Y"
"48004122011",3514356,"TX","4812","Y"
"48000000436",3613897,"TX","4810","Y"
"48000000437",3613898,"TX","4813","Y"
"48001549001",430568,"TX","4823","Y"
"48001097001",3542800,"TX","4815","Y"
"48000000428",3613888,"TX","4819","Y"
"48000000429",3613890,"TX","4817","Y"
"48000000432",3613893,"TX","4828","Y"
"48000000443",3613905,"TX","4831","Y"
"48000000421",3613307,"TX","4806","Y"
"48000000468",3613950,"TX","4810","Y"
"48000000470",3613952,"TX","4825","Y"
"48000000471",3613954,"TX","4811","Y"
"48000000480",3613964,"TX","4830","Y"
"48000000430",3613891,"TX","4827","Y"
"48000000434",3613895,"TX","4810","Y"
"48000000438",3613899,"TX","4827","Y"
"48000000450",3613914,"TX","4810","Y"
"48000000454",3613934,"TX","4825","Y"
"48000000459",3613940,"TX","4836","Y"
"48000000464",3613946,"TX","4811","Y"
"48000000466",3613948,"TX","4803","Y"
"48000000469",3613951,"TX","4821","Y"
"48000000479",3613963,"TX","4813","Y"
"48001053001",1182903,"TX","4823","Y"
"48001123001",1182925,"TX","4834","Y"
"48000000546",3614328,"TX","4812","Y"
"48000000102",3608723,"TX","4812","Y"
"48000000545",3614327,"TX","4826","Y"
"48002007001",1183110,"TX","4819","Y"
"48004085001",2878621,"TX","4804","Y"
"48000000543",3614324,"TX","4837","Y"
"48000000547",3614329,"TX","4808","Y"
"48000000452",3613931,"TX","4827","Y"
"48000000485",3614045,"TX","4827","Y"
"48000000491",3614051,"TX","4823","Y"
"48000000492",3614052,"TX","4816","Y"
"48000000291",3610993,"TX","4823","Y"
"48007039074",1183844,"TX","4829","Y"
"48004354004",1227865,"TX","4803","Y"
"48004354012",2808161,"TX","4805","Y"
"48000000441",3613902,"TX","4821","Y"
"48001130002",1182934,"TX","4815","Y"
"48003111003",1183257,"TX","4831","Y"
"48000000419",3613244,"TX","4801","Y"
"48000000501",3614062,"TX","4801","Y"
"48000000536",3614111,"TX","4825","Y"
"48003035005",3536257,"TX","4835","Y"
"48000000455",3613935,"TX","4801","Y"
"48000000462",3613944,"TX","4813","Y"
"48000000497",3614057,"TX","4810","Y"
"48000000498",3614059,"TX","4819","Y"
"48000000520",3614081,"TX","4801","Y"
"48000000529",3614094,"TX","4804","Y"
"48000000531",3614096,"TX","4819","Y"
"48000000495",3614055,"TX","4817","Y"
"48001109001",1182914,"TX","4834","Y"
"48000000440",3613901,"TX","4835","Y"
"48000000477",3613961,"TX","4819","Y"
"48000000489",3614049,"TX","4825","Y"
"48001196002",453629,"TX","4828","Y"
"48004122001",1183431,"TX","4833","Y"
"48003043003",3514976,"TX","4810","Y"
"48003267001",1183304,"TX","4802","Y"
"48004098001",1183405,"TX","4806","Y"
"48008028004",1184374,"TX","4835","Y"
"48000000195",3610842,"TX","4831","Y"
"48000000542",3614322,"TX","4805","Y"
"48003033014",3514808,"TX","4835","Y"
"48008045003",3049348,"TX","4814","Y"
"48000000541",3614321,"TX","4825","Y"
"48000000544",3614326,"TX","4831","Y"
"48000000548",3614330,"TX","4817","Y"
"48000000447",3613911,"TX","4823","Y"
"48007012002",1183782,"TX","4822","Y"
"48007039061",1183840,"TX","4809","Y"
